small,large
Australia and New Zealand,Oceania
Latin America and the Caribbean,South America
Central Asia,Asia
Eastern Africa,Africa
Eastern Asia,Asia
Eastern Europe,Europe
Melanesia,Oceania
Micronesia,Oceania
Middle Africa,Africa
Northern Africa,Africa
Northern America,North America
Northern Europe,Europe
Polynesia,Oceania
Latin America and the Caribbean,South America
South-eastern Asia,Asia
Southern Africa,Africa
Southern Asia,Asia
Southern Europe,Europe
Western Africa,Africa
Western Asia,Asia
Western Europe,Europe
Sub-Saharan Africa,Africa
